{
  "avg_f_measure": 0.3043993172560205,
  "avg_precision": 0.313155744194211,
  "avg_recall": 0.3027654385565275,
  "total_evaluated": 50
}