{
  "avg_f_measure": 0.2775615304683596,
  "avg_precision": 0.28367861739149264,
  "avg_recall": 0.2756529594325014,
  "total_evaluated": 50
}