{
  "avg_f_measure": 0.44544300637383377,
  "avg_precision": 0.4375021861777415,
  "avg_recall": 0.4630112558512814,
  "avg_raw_pitch_accuracy": 0.8565692199259586,
  "avg_overall_accuracy": 0.8707359740584725,
  "total_evaluated": 50
}