{
  "melody_metrics": {
    "F-measure": 0.4944237918215614,
    "Precision": 0.4375,
    "Recall": 0.5683760683760684,
    "Voicing Recall": 0.5683760683760684,
    "Voicing False Alarm": 0.5377358490566038,
    "Raw Pitch Accuracy": 0.1794871794871795,
    "Raw Chroma Accuracy": 0.2222222222222222,
    "Overall Accuracy": 0.3423913043478261,
    "MAE_cents": 1118.6466165413533,
    "Correlation": -0.3526169788637425,
    "TP": 133,
    "FP": 171,
    "FN": 101,
    "TN": 147,
    "n_true_voiced": 234,
    "total_frames": 552
  },
  "chord_frame_precision": 0.034782608695652174,
  "chord_frame_recall": 0.014492753623188406,
  "chord_frame_f1": 0.020460358056265983,
  "chord_vocab_size": 1,
  "consonance_ratio": 1.0,
  "key_consistency": 1.0
}
